id,name,actual,exppect,result,,,,,,,
1001,密码正确香港端登录成功,,1,,admin,123456,,,,,
1002,密码错误香港端登录失败,,0,,admin,111111,,,,,
1003,密码正确BB端登录成功,,1,,admin,123456,,,,,
1004,密码错误BB端登录失败,,0,,admin,111111,,,,,
2001,香港端登录退出,,1,,,,,,,,
2002,BB端登录退出,,1,,,,,,,,
3001,Automation登录,,,,Automation,123456,,,,,
3002,hk 用户修改密码,,1,,Automation,123456,111111,,,,
3003,hk 原密码错误，修改密码失败,,0,,Automation,666666,111111,,,,
3004,hk 未登录，用户修改密码失败,,0,,Automation,123456,111111,,,,
3005,BB 用户修改密码,,1,,Automation,123456,111111,,,,
3006,BB 原密码错误，修改密码失败,,0,,Automation,666666,111111,,,,
3007,BB 未登录，用户修改密码失败,,0,,Automation,123456,111111,,,,
4001,HK 本地查询在线状态,,1,,,,,,,,
4002,HK 未登录本地查询在线状态失败,,0,,,,,,,,
4003,BB 本地查询在线状态,,1,,,,,,,,
4004,BB 未登录本地查询在线状态失败,,0,,,,,,,,
5001,hk admin重置用户密码成功,,1,,1,,,,,,
5002,hk 未登录重置密码失败,,0,,1,,,,,,
5003,hk 普通用户重置密码失败,,0,,1,,,,,,
5004,BB admin重置用户密码成功,,1,,1,,,,,,
5005,BB 未登录重置密码失败,,0,,1,,,,,,
5006,BB 普通用户重置密码失败,,0,,1,,,,,,
6001,HK admin  查询用户列表成功,,1,,1,10,,,,,
6002,HK 非admin  查询用户列表失败,,0,,1,10,,,,,
6003,HK 未登录  查询用户列表失败,,0,,1,10,,,,,
6004,BB admin  查询用户列表成功,,1,,1,10,,,,,
6005,BB 非admin  查询用户列表失败,,0,,1,10,,,,,
6006,BB 未登录  查询用户列表失败,,0,,1,10,,,,,
7001,HK admin  修改用户信息status 0,,1,,1,update,test,1,0,,
7002,HK admin  修改用户信息status 1,,1,,1,update,test,1,1,,
7003,HK admin  修改用户信息status未定义失败,,0,,1,update,test,1,2,,
7004,HK admin  修改用户信息group只能为1，成功,,1,,1,update,test,1,0,,
7005,HK admin  修改用户信息group 2对端group修改失败,,0,,1,update,test,2,0,,
7006,HK admin  修改用户信息group未定义，修改失败,,0,,1,update,test,3,0,,
7007,HK 非admin  修改用户信息失败,,0,,1,update,test,1,0,,
7008,HK 未登录 修改用户信息失败,,0,,1,update,test,1,0,,
7009,BB admin  修改用户信息status 0,,1,,1,update,test,2,0,,
7010,BB admin  修改用户信息status 1,,1,,1,update,test,2,1,,
7011,BB admin  修改用户信息status未定义失败,,0,,1,update,test,2,2,,
7012,BB admin  修改用户信息group只能为2，成功,,1,,1,update,test,2,0,,
7013,BB admin  修改用户信息group 1对端group修改失败,,0,,1,update,test,1,0,,
7014,BB admin  修改用户信息group未定义，修改失败,,0,,1,update,test,3,0,,
7015,BB 非admin  修改用户信息失败,,0,,1,update,test,1,0,,
7016,BB 未登录 修改用户信息失败,,0,,1,update,test,1,0,,
8001,HK admin  查询用户详情成功,,1,,,,,,,,
8002,HK 非admin  查询用户详情失败,,0,,,,,,,,
8003,HK 未登录  查询用户详情失败,,0,,,,,,,,
8004,BB admin  查询用户详情成功,,1,,,,,,,,
8005,BB 非admin  查询用户详情失败,,0,,,,,,,,
8006,BB 未登录  查询用户详情失败,,0,,,,,,,,
9001,香港端新增本端用户，新增成功,,1,,,,1,0,,,
9002,香港端新增对端用户，新增失败,,0,,,,2,0,,,
9003,香港端非登录态新增用户，新增失败,,0,,,,1,0,,,
9004,BB端新增本端用户，新增成功,,0,,,,1,0,,,
9005,BB端新增对端用户，新增失败,,1,,,,2,0,,,
9006,BB端非登录态新增用户，新增失败,,0,,,,1,0,,,
10001,BB 文件类型1-vcf文件，上传成功,,1,,case_part1.txt,7000,1,,,,
10002,BB 文件类型2-gen文件，上传成功,,1,,case_part1.txt,7000,2,,,,
10003,BB 文件类型3-gwas文件，上传成功,,1,,case_part1.txt,7000,3,,,,
10004,BB 未登录文件上传失败,,0,,case_part1.txt,7000,1,,,,
10005,BB 文件名称不一致，上传失败,,0,,case_part1.txt,7000,1,,,,
10006,BB 文件类型非法数字，上传失败,,0,,case_part1.txt,7000,0,,,,
10007,BB 文件为空，上传失败,,0,,case_part1.txt,7000,0,,,,
10008,BB 非txt文件，上传失败,,0,,test.vcf,7000,0,,,,
10009,HK 文件类型1-vcf文件，上传成功,,1,,case_part1.txt,7000,1,,,,
10010,HK 文件类型2-gen文件，上传成功,,1,,case_part1.txt,7000,2,,,,
10011,HK 文件类型3-gwas文件，上传成功,,1,,case_part1.txt,7000,3,,,,
10012,HK 未登录文件上传失败,,0,,case_part1.txt,7000,1,,,,
10013,HK 文件名称不一致，上传失败,,0,,case_part1.txt,7000,1,,,,
10014,HK 文件类型非法数字，上传失败,,0,,case_part1.txt,7000,0,,,,
10015,HK 文件为空，上传失败,,0,,case_part1.txt,7000,0,,,,
10016,HK 非txt文件，上传失败,,0,,test.vcf,7000,0,,,,
11001,HK vcf数据集比较发起成功，单个文件,,1,,['vcf11.txt'],vcf数据集比较发起成功单文件,0,,,,
11002,"HK vcf数据集比较发起成功,多个文件",,1,,"['vcf11.txt','vcf22.txt']",vcf数据集比较发起成功多文件,0,,,,
11003,HK 未登录vcf数据集比较发起失败,,0,,['vcf11.txt'],HK 未登录vcf数据集比较发起失败,0,,,,
11004,"HK vcf数据集比较,文件列表为空，发起失败",,0,,[],"HK vcf数据集比较,文件列表为空，发起失败",0,,,,
11005,"HK vcf数据集比较发起,remark超长，发起失败",,0,,['vcf11.txt'],太长了太长了太长了太长了太长了太长了,0,,,,
11006,HK vcf数据集比较发起，文件id不存在，发起失败,,0,,"['数据库查找最大fileid,加6666']",HK vcf数据集比较发起，文件id不存在，发起失败,0,,,,
11007,BB vcf数据集比较发起成功，单个文件,,1,,['vcf11.txt'],vcf数据集比较发起成功单文件,0,,,,
11008,"BB vcf数据集比较发起成功,多个文件",,1,,"['vcf11.txt','vcf22.txt']",vcf数据集比较发起成功多文件,0,,,,
11009,BB 未登录vcf数据集比较发起失败,,0,,['vcf11.txt'],BB 未登录vcf数据集比较发起失败,0,,,,
11010,"BB vcf数据集比较,文件列表为空，发起失败",,0,,[],"BB vcf数据集比较,文件列表为空，发起失败",0,,,,
11011,"BB vcf数据集比较发起,remark超长，发起失败",,0,,['vcf11.txt'],太长了太长了太长了太长了太长了太长了,0,,,,
11012,BB vcf数据集比较发起，文件id不存在，发起失败,,0,,"['数据库查找最大fileid,加6666']",BB vcf数据集比较发起，文件id不存在，发起失败,0,,,,
11013,HK vcf状态测试，正确文件，发起后，双端状态为待接收,,1,,['vcf_state_ok.txt'],双端状态为待接收,0,,,,
11014,HK vcf状态测试，错误文件，发起后，双端状态为错误,,6,,['error1.txt'],双端状态为错误,0,,,,
11015,BB vcf状态测试，正确文件，发起后，双端状态为待接收,,1,,['vcf_state_ok.txt'],双端状态为待接收,0,,,,
11016,BB vcf状态测试，错误文件，发起后，双端状态为错误,,6,,['error1.txt'],双端状态为错误,0,,,,
13001,HK 基因编辑距离对比发起成功，单个文件,,1,,['aligned_dbu.txt'],5,HK 基因编辑距离对比发起成功，单个文件,0,,,
13002,HK 基因编辑距离对比发起成功，多个文件,,1,,"['aligned_dbu.txt','aligned_qu.txt']",1,HK 基因编辑距离对比发起成功，多个文件,0,,,
13003,HK 未登录，基因编辑距离对比发起失败,,0,,"['aligned_dbu.txt','aligned_qu.txt']",5,随便鞋垫,0,,,
13004,HK 文件列表为空，基因编辑距离对比发起失败,,0,,[],5,随便鞋垫,0,,,
13005,HK 文件id不存在，基因编辑距离对比发起失败,,0,,"['数据库查找最大fileid,加6666']",5,随便鞋垫,0,,,
13006,HK remark超长，基因编辑距离对比发起失败,,0,,['aligned_dbu.txt'],5,随便鞋垫随便鞋垫随便鞋垫,0,,,
13007,HK top=0，基因编辑距离对比发起失败,,0,,['aligned_dbu.txt'],0,随便鞋垫,0,,,
13008,HK top=3001，基因编辑距离对比发起失败,,0,,['aligned_dbu.txt'],3001,随便鞋垫,0,,,
13009,HK top=3000，基因编辑距离对比发起成功,,1,,['aligned_dbu.txt'],3000,随便鞋垫,0,,,
13010,BB 基因编辑距离对比发起成功，单个文件,,1,,['aligned_dbu.txt'],5,BB 基因编辑距离对比发起成功，单个文件,0,,,
13011,BB 基因编辑距离对比发起成功，多个文件,,1,,"['aligned_dbu.txt','aligned_qu.txt']",1,BB 基因编辑距离对比发起成功，多个文件,0,,,
13012,BB 未登录，基因编辑距离对比发起失败,,0,,"['aligned_dbu.txt','aligned_qu.txt']",5,随便鞋垫,0,,,
13013,BB 文件列表为空，基因编辑距离对比发起失败,,0,,[],5,随便鞋垫,0,,,
13014,BB 文件id不存在，基因编辑距离对比发起失败,,0,,"['数据库查找最大fileid,加6666']",5,随便鞋垫,0,,,
13015,BB remark超长，基因编辑距离对比发起失败,,0,,['aligned_dbu.txt'],5,随便鞋垫随便鞋垫随便鞋垫,0,,,
13016,BB top=0，基因编辑距离对比发起失败,,0,,['aligned_dbu.txt'],0,随便鞋垫,0,,,
13017,BB top=3001，基因编辑距离对比发起失败,,0,,['aligned_dbu.txt'],3001,随便鞋垫,0,,,
13018,BB top=3000，基因编辑距离对比发起成功,,1,,['aligned_dbu.txt'],3000,随便鞋垫,0,,,
13019,HK基因编辑距离对比发起状态测试，正确文件，发起后，双端状态为待接收,,1,,['gen_state_ok.txt'],6,双端状态为待接收,0,,,
13020,HK基因编辑距离对比发起状态测试，错误文件，发起后，双端状态为错误,,6,,['error1.txt'],6,双端状态为错误,0,,,
13021,BB基因编辑距离对比发起状态测试，正确文件，发起后，双端状态为待接收,,1,,['gen_state_ok.txt'],6,双端状态为待接收,0,,,
13022,BB基因编辑距离对比发起状态测试，错误文件，发起后，双端状态为错误,,6,,['error1.txt'],6,双端状态为错误,0,,,
15001,HK gwas发起成功，2个文件,,1,,"['case_part1.txt','control_part1.txt']",[1],占个位置,0,,,
15002,HK gwas发起失败，1个文件,,0,,['case_part1.txt'],[1],占个位置,0,,,
15003,HK gwas发起失败，3个文件,,0,,"['case_part1.txt','case_part2.txt','control_part1.txt']",[1],占个位置,0,,,
15004,HK gwas发起失败，0个文件,,0,,[],[1],占个位置,0,,,
15005,HK gwas发起失败，文件不存在,,0,,"['数据库查找最大fileid,加6666','数据库查找最大fileid,加6667']","[1,2]",占个位置,0,,,
15006,HK gwas发起失败，未登录,,0,,"['case_part1.txt','control_part1.txt']",[1],占个位置,0,,,
15007,HK gwas发起失败，remark超长,,0,,"['case_part1.txt','control_part1.txt']","[1,2]",占个位置占个位置占个位置占个位置占个位置占个位置占个位置占个位置,0,,,
15008,HK gwas发起失败，logicType为空,,0,,"['case_part1.txt','control_part1.txt']",[],占个位置,0,,,
15009,HK gwas发起失败，logicType非法,,0,,"['case_part1.txt','control_part1.txt']","[0,1,2,5]",占个位置,0,,,
15010,HK gwas发起成功，logicType多个,,1,,"['case_part1.txt','control_part1.txt']","[1,2,3,4]",占个位置,0,,,
15011,HK gwas发起成功，logicType超过4个,,0,,"['case_part1.txt','control_part1.txt']","[1,2,3,4,3]",占个位置,0,,,
15012,BB gwas发起成功，2个文件,,1,,"['case_part1.txt','control_part1.txt']",[1],占个位置,0,,,
15013,BB gwas发起失败，1个文件,,0,,['case_part1.txt'],[1],占个位置,0,,,
15014,BB gwas发起失败，3个文件,,0,,"['case_part1.txt','case_part2.txt','control_part1.txt']",[1],占个位置,0,,,
15015,BB gwas发起失败，0个文件,,0,,[],[1],占个位置,0,,,
15016,BB gwas发起失败，文件不存在,,0,,"['数据库查找最大fileid,加6666','数据库查找最大fileid,加6667']","[1,2]",占个位置,0,,,
15017,BB gwas发起失败，未登录,,0,,"['case_part1.txt','control_part1.txt']",[1],占个位置,0,,,
15018,BB gwas发起失败，remark超长,,0,,"['case_part1.txt','control_part1.txt']","[1,2]",占个位置占个位置占个位置占个位置占个位置占个位置占个位置占个位置,0,,,
15019,BB gwas发起失败，logicType为空,,0,,"['case_part1.txt','control_part1.txt']",[],占个位置,0,,,
15020,BB gwas发起失败，logicType非法,,0,,"['case_part1.txt','control_part1.txt']","[0,1,2,5]",占个位置,0,,,
15021,BB gwas发起成功，logicType多个,,1,,"['case_part1.txt','control_part1.txt']","[1,2,3,4]",占个位置,0,,,
15022,BB gwas发起成功，logicType超过4个,,0,,"['case_part1.txt','control_part1.txt']","[1,2,3,4,3]",占个位置,0,,,
15023,HK基因编辑距离对比发起状态测试，正确文件，发起后，双端状态为待接收,,1,,"['gwas_case_ok.txt','gwas_control_ok.txt']","[1,2,3,4]",双端状态为待接收,0,,,
15024,HK基因编辑距离对比发起状态测试，错误文件，发起后，双端状态为错误,,6,,"['error1.txt','error2.txt']","[1,2,3,4]",双端状态为错误,0,,,
15025,BB基因编辑距离对比发起状态测试，正确文件，发起后，双端状态为待接收,,1,,"['gwas_case_ok.txt','gwas_control_ok.txt']","[1,2,3,4]",双端状态为待接收,0,,,
15026,BB基因编辑距离对比发起状态测试，错误文件，发起后，双端状态为错误,,6,,"['error1.txt','error2.txt']","[1,2,3,4]",双端状态为错误,0,,,
18001,HK 查询协同计算列表 全部 查询成功,,1,,,,,1,20,,
18002,HK 查询协同计算列表 全部 未登录，查询失败,,0,,,,,1,20,,
18003,HK 查询协同计算列表 vcf数据集 查询成功,,1,,1,,,1,20,,
18004,HK 查询协同计算列表 基因编辑距离比对 查询成功,,1,,2,,,1,20,,
18005,HK 查询协同计算列表 GWAS计算 查询成功,,1,,3,,,1,20,,
18006,HK 查询协同计算列表 vcf数据集、备注联合查询 查询成功,,1,,1,,占个位置,1,20,,
18007,HK 查询协同计算列表 vcf数据集、计算目标联合查询 查询成功,,1,,1,case_part1.txt,,1,20,,
18008,HK 查询协同计算列表 基因编辑距离比对、备注联合查询 查询成功,,1,,2,,占个位置,1,20,,
18009,HK 查询协同计算列表 基因编辑距离比对、计算目标联合查询 查询成功,,1,,2,case_part1.txt,,1,20,,
18010,HK 查询协同计算列表 GWAS计算、备注联合查询 查询成功,,1,,3,,占个位置,1,20,,
18011,HK 查询协同计算列表 GWAS计算、计算目标联合查询 查询成功,,1,,3,case_part1.txt,,1,20,,
18012,HK 查询协同计算列表 全部、备注联合查询 查询成功,,1,,,,占个位置,1,20,,
18013,HK 查询协同计算列表 全部、计算目标联合查询 查询成功,,1,,,case_part1.txt,,1,20,,
18014,BB 查询协同计算列表 全部 查询成功,,1,,,,,1,20,,
18015,BB 查询协同计算列表 全部 未登录，查询失败,,0,,,,,1,20,,
18016,BB 查询协同计算列表 vcf数据集 查询成功,,1,,1,,,1,20,,
18017,BB 查询协同计算列表 基因编辑距离比对 查询成功,,1,,2,,,1,20,,
18018,BB 查询协同计算列表 GWAS计算 查询成功,,1,,3,,,1,20,,
18019,BB 查询协同计算列表 vcf数据集、备注联合查询 查询成功,,1,,1,,占个位置,1,20,,
18020,BB 查询协同计算列表 vcf数据集、计算目标联合查询 查询成功,,1,,1,case_part1.txt,,1,20,,
18021,BB 查询协同计算列表 基因编辑距离比对、备注联合查询 查询成功,,1,,2,,占个位置,1,20,,
18022,BB 查询协同计算列表 基因编辑距离比对、计算目标联合查询 查询成功,,1,,2,case_part1.txt,,1,20,,
18023,BB 查询协同计算列表 GWAS计算、备注联合查询 查询成功,,1,,3,,占个位置,1,20,,
18024,BB 查询协同计算列表 GWAS计算、计算目标联合查询 查询成功,,1,,3,case_part1.txt,,1,20,,
18025,BB 查询协同计算列表 全部、备注联合查询 查询成功,,1,,,,占个位置,1,20,,
18026,BB 查询协同计算列表 全部、计算目标联合查询 查询成功,,1,,,case_part1.txt,,1,20,,
19001,HK 查询详情，查询成功,,1,,t_task表随机id,,,,,,
19002,HK 查询详情，未登录，查询失败,,0,,,,,,,,
19003,BB 查询详情，查询成功,,1,,t_task表随机id,,,,,,
19004,BB 查询详情，未登录，查询失败,,0,,,,,,,,
20001,HK 查询服务器 查询成功,,1,,,,,,,,
20002,HK 查询服务器 未登录，查询失败,,0,,,,,,,,
20003,BB 查询服务器 查询成功,,1,,,,,,,,
20004,BB 查询服务器 未登录，查询失败,,0,,,,,,,,
22001,HK vcf协同计算，成功,,1,,t_task表随机id,vcf11.txt,,,,,
22002,HK vcf协同计算，未登录，失败,,0,,t_task表随机id,vcf11.txt,,,,,
22003,HK vcf协同计算，taskid不存在，失败,,0,,t_task表最大id+6666,vcf11.txt,,,,,
22004,HK vcf协同计算，fileid不存在，失败,,0,,t_task表随机id,"数据库查找最大fileid,加6666",,,,,
22005,HK vcf协同计算，taskid为基因协同计算的任务，失败,,0,,t_task表查找,vcf11.txt,,,,,
22006,HK vcf协同计算，taskid为GWAS的任务，失败,,0,,t_task表查找,vcf11.txt,,,,,
22007,BB vcf协同计算，成功,,1,,t_task表随机id,vcf11.txt,,,,,
22008,BB vcf协同计算，未登录，失败,,0,,t_task表随机id,vcf11.txt,,,,,
22009,BB vcf协同计算，taskid不存在，失败,,0,,t_task表最大id+6666,vcf11.txt,,,,,
22010,BB vcf协同计算，fileid不存在，失败,,0,,t_task表随机id,"数据库查找最大fileid,加6666",,,,,
22011,BB vcf协同计算，taskid为基因协同计算的任务，失败,,0,,t_task表查找,vcf11.txt,,,,,
22012,BB vcf协同计算，taskid为GWAS的任务，失败,,0,,t_task表查找,vcf11.txt,,,,,
23001,HK 基因协同计算，成功,,1,,t_task表随机id,随机severId,,,,,
23002,HK 基因协同计算，未登录，失败,,0,,t_task表随机id,随机severId,,,,,
23003,HK 基因协同计算，taskid不存在，失败,,0,,t_task表最大id+6666,随机severId,,,,,
23004,HK 基因协同计算，serverId不存在，失败,,0,,t_task表随机id,最大severId+100,,,,,
23005,HK 基因协同计算，taskid为vcf的任务，失败,,0,,t_task表查找,随机severId,,,,,
23006,HK 基因协同计算，taskid为GWAS的任务，失败,,0,,t_task表查找,随机severId,,,,,
23007,BB 基因协同计算，成功,,1,,t_task表随机id,随机severId,,,,,
23008,BB 基因协同计算，未登录，失败,,0,,t_task表随机id,随机severId,,,,,
23009,BB 基因协同计算，taskid不存在，失败,,0,,t_task表最大id+6666,随机severId,,,,,
23010,BB 基因协同计算，serverId不存在，失败,,0,,t_task表随机id,最大severId+100,,,,,
23011,BB 基因协同计算，taskid为vcf的任务，失败,,0,,t_task表查找,随机severId,,,,,
23012,BB 基因协同计算，taskid为GWAS的任务，失败,,0,,t_task表查找,随机severId,,,,,
24001,HK GWAS协同计算，成功,,1,,t_task表随机id,"['case_part1.txt','control_part1.txt']",,,,,
24002,HK GWAS协同计算，未登录，失败,,0,,t_task表随机id,"['case_part1.txt','control_part1.txt']",,,,,
24003,HK GWAS协同计算，taskid不存在，失败,,0,,t_task表最大id+6666,"['case_part1.txt','control_part1.txt']",,,,,
24004,HK GWAS协同计算，fileid不存在，失败,,0,,t_task表随机id,"['最大fileid+6666','最大fileid+6667']",,,,,
24005,HK GWAS协同计算，fileIdList长度为0，失败,,0,,t_task表随机id,[],,,,,
24006,HK GWAS协同计算，fileIdList长度为1，失败,,0,,t_task表随机id,['case_part1.txt'],,,,,
24007,HK GWAS协同计算，fileIdList长度为3，失败,,0,,t_task表随机id,"['case_part1.txt','control_part1.txt','control_part2.txt']",,,,,
24008,HK GWAS协同计算，taskid为vcf的任务，失败,,0,,t_task表查找,"['case_part1.txt','control_part1.txt']",,,,,
24009,HK GWAS协同计算，taskid为基因编辑距离的任务，失败,,0,,t_task表查找,"['case_part1.txt','control_part1.txt']",,,,,
24010,BB GWAS协同计算，成功,,1,,t_task表随机id,"['case_part1.txt','control_part1.txt']",,,,,
24011,BB GWAS协同计算，未登录，失败,,0,,t_task表随机id,"['case_part1.txt','control_part1.txt']",,,,,
24012,BB GWAS协同计算，taskid不存在，失败,,0,,t_task表最大id+6666,"['case_part1.txt','control_part1.txt']",,,,,
24013,BB GWAS协同计算，fileid不存在，失败,,0,,t_task表随机id,"['最大fileid+6666','最大fileid+6667']",,,,,
24014,BB GWAS协同计算，fileIdList长度为0，失败,,0,,t_task表随机id,[],,,,,
24015,BB GWAS协同计算，fileIdList长度为1，失败,,0,,t_task表随机id,['case_part1.txt'],,,,,
24016,BB GWAS协同计算，fileIdList长度为3，失败,,0,,t_task表随机id,"['case_part1.txt','control_part1.txt','control_part2.txt']",,,,,
24017,BB GWAS协同计算，taskid为vcf的任务，失败,,0,,t_task表查找,"['case_part1.txt','control_part1.txt']",,,,,
24018,BB GWAS协同计算，taskid为基因编辑距离的任务，失败,,0,,t_task表查找,"['case_part1.txt','control_part1.txt']",,,,,
21001,HK 取消协同任务成功,,1,,t_task表查找,1,取消了没有理由12339586097,,,,
21002,HK 取消历史任务成功,,1,,t_task_history表查找,2,取消了没有理由12339586097,,,,
21003,HK 未登录 取消任务失败,,0,,t_task_history表查找,1,取消了没有理由12339586097,,,,
21004,HK taskId不存在t_task，取消任务失败,,0,,t_task表最大id+6666,1,取消了没有理由12339586097,,,,
21005,HK taskId不存在t_task_history，取消任务失败,,0,,t_task_history表最大id+6666,2,取消了没有理由12339586097,,,,
21006,HK reason为空，取消任务失败,,0,,t_task_history表查找,1,,,,,
21007,HK reason为超长，取消任务失败,,0,,t_task_history表查找,1,取消了没有理由12339586097,,,,
21008,BB 取消协同任务成功,,1,,t_task表查找,1,取消了没有理由12339586097,,,,
21009,BB 取消历史任务成功,,1,,t_task_history表查找,2,取消了没有理由12339586097,,,,
21010,BB 未登录 取消任务失败,,0,,t_task_history表查找,1,取消了没有理由12339586097,,,,
21011,BB taskId不存在t_task，取消任务失败,,0,,t_task表最大id+6666,1,取消了没有理由12339586097,,,,
21012,BB taskId不存在t_task_history，取消任务失败,,0,,t_task_history表最大id+6666,2,取消了没有理由12339586097,,,,
21013,BB reason为空，取消任务失败,,0,,t_task_history表查找,1,,,,,
21014,BB reason为超长，取消任务失败,,0,,t_task_history表查找,1,取消了没有理由12339586097,,,,
26001,HK 批量计算成功,,1,,t_task表查找2个,1,vcf11.txt,,,,
26002,HK 未登录，批量计算失败,,0,,t_task表查找2个,1,vcf11.txt,,,,
26003,HK taskId不存在，批量计算失败,,0,,t_task表最大id+6666，t_task表最大id+6667,1,vcf11.txt,,,,
26004,HK calType=2，批量计算失败,,0,,t_task表查找2个,2,vcf11.txt,,,,
26005,HK fileid不存在，批量计算失败,,0,,t_task表查找2个,1,最大fileid+6666,,,,
26006,BB 批量计算成功,,1,,t_task表查找2个,1,vcf11.txt,,,,
26007,BB 未登录，批量计算失败,,0,,t_task表查找2个,1,vcf11.txt,,,,
26008,BB taskId不存在，批量计算失败,,0,,t_task表最大id+6666，t_task表最大id+6667,1,vcf11.txt,,,,
26009,BB calType=2，批量计算失败,,0,,t_task表查找2个,2,vcf11.txt,,,,
26010,BB fileid不存在，批量计算失败,,0,,t_task表查找2个,1,最大fileid+6666,,,,
25001,HK 数据更新成功,,1,,,,,,,,
25002,HK 未登录，数据更新失败,,0,,,,,,,,
25003,BB 数据更新成功,,1,,,,,,,,
25004,BB 未登录，数据更新失败,,0,,,,,,,,
27001,HK 查询协同任务列表，全部数据，成功,,1,,,,,,,1,20
27002,HK 查询协同任务列表，未登录，失败,,0,,,,,,,1,20
27003,HK 查询协同任务列表，vcf，成功,,1,,1,,,,,1,20
27004,HK 查询协同任务列表，基因，成功,,1,,2,,,,,1,20
27005,HK 查询协同任务列表，gwas，成功,,1,,3,,,,,1,20
27006,HK 查询协同任务列表，香港发起，成功,,1,,,,,1,,1,20
27007,HK 查询协同任务列表，布里发起，成功,,1,,,,,2,,1,20
27008,HK 查询协同任务列表，待接收，成功,,1,,,,,,1,1,20
27009,HK 查询协同任务列表，计算中，成功,,1,,,,,,2,1,20
27010,HK 查询协同任务列表，已完成，成功,,1,,,,,,3,1,20
27011,HK 查询协同任务列表，已取消，成功,,1,,,,,,4,1,20
27012,HK 查询协同任务列表，被取消，成功,,1,,,,,,5,1,20
27013,HK 查询协同任务列表，错误，成功,,1,,,,,,6,1,20
27014,HK 查询协同任务列表，按备注查询，成功,,1,,,,占个位置,,,1,20
27015,HK 查询协同任务列表，按计算目标，成功,,1,,,case_part1.txt,,,,1,20
27016,HK 查询协同任务列表，布里、gwas、待接收、计算目标联合查询，成功,,1,,3,case_part1.txt,,2,1,1,20
27017,HK 查询协同任务列表，香港、vcf、待接收、备注联合查询，成功,,1,,1,,vcf数据集,1,,1,20
27018,BB 查询协同任务列表，全部数据，成功,,1,,,,,,,1,20
27019,BB 查询协同任务列表，未登录，失败,,0,,,,,,,1,20
27020,BB 查询协同任务列表，vcf，成功,,1,,1,,,,,1,20
27021,BB 查询协同任务列表，基因，成功,,1,,2,,,,,1,20
27022,BB 查询协同任务列表，gwas，成功,,1,,3,,,,,1,20
27023,BB 查询协同任务列表，香港发起，成功,,1,,,,,1,,1,20
27024,BB 查询协同任务列表，布里发起，成功,,1,,,,,2,,1,20
27025,BB 查询协同任务列表，待接收，成功,,1,,,,,,1,1,20
27026,BB 查询协同任务列表，计算中，成功,,1,,,,,,2,1,20
27027,BB 查询协同任务列表，已完成，成功,,1,,,,,,3,1,20
27028,BB 查询协同任务列表，已取消，成功,,1,,,,,,4,1,20
27029,BB 查询协同任务列表，被取消，成功,,1,,,,,,5,1,20
27030,BB 查询协同任务列表，错误，成功,,1,,,,,,6,1,20
27031,BB 查询协同任务列表，按备注查询，成功,,1,,,,占个位置,,,1,20
27032,BB 查询协同任务列表，按计算目标，成功,,1,,,case_part1.txt,,,,1,20
27033,BB 查询协同任务列表，布里、gwas、待接收、计算目标联合查询，成功,,1,,3,case_part1.txt,,2,1,1,20
27034,BB 查询协同任务列表，香港、vcf、待接收、备注联合查询，成功,,1,,1,,vcf数据集,1,,1,20
36001,HK 历史记录-数据更新成功,,1,,,,,,,,
36002,HK 历史记录-数据更新， 未登录，失败,,0,,,,,,,,
36003,BB 历史记录-数据更新成功,,1,,,,,,,,
36004,BB 历史记录-数据更新， 未登录，失败,,0,,,,,,,,
37001,HK 逻辑管理-查询列表 成功,,1,,,,,,,,
37002,HK 逻辑管理-查询列表 未登录，失败,,0,,,,,,,,
37003,BB 逻辑管理-查询列表 成功,,1,,,,,,,,
37004,BB 逻辑管理-查询列表 未登录，失败,,0,,,,,,,,
28001,HK 历史记录-查询详情 成功,,1,,,,,,,,
28002,HK 历史记录-查询详情 未登录，失败,,0,,,,,,,,
28003,BB 历史记录-查询详情 成功,,1,,,,,,,,
28004,BB 历史记录-查询详情  未登录，失败,,0,,,,,,,,
29001,HK 历史记录-查询Vcf计算结果 成功,,1,,,,,,,,
29002,HK 历史记录-查询Vcf计算结果 未登录，失败,,0,,,,,,,,
29003,BB 历史记录-查询Vcf计算结果 成功,,1,,,,,,,,
29004,BB 历史记录-查询Vcf计算结果 未登录，失败,,0,,,,,,,,
30001,HK 历史记录-查询基因编辑距离对比计算结果 成功,,1,,,,,,,,
30002,HK 历史记录-查询基因编辑距离对比计算结果 未登录，失败,,0,,,,,,,,
30003,BB 历史记录-查询基因编辑距离对比计算结果 成功,,1,,,,,,,,
30004,BB 历史记录-查询基因编辑距离对比计算结果 未登录，失败,,0,,,,,,,,
31001,HK 历史记录-查询GWAS-maf计算结果 成功,,1,,,1,10,,,,
31002,HK 历史记录-查询GWAS-maf计算结果 未登录，失败,,0,,,1,10,,,,
31003,BB 历史记录-查询GWAS-maf计算结果 成功,,1,,,1,10,,,,
31004,BB 历史记录-查询GWAS-maf计算结果 未登录，失败,,0,,,1,10,,,,
32001,HK 历史记录-查询GWAS-基因型计算结果 成功,,1,,,1,10,,,,
32002,HK 历史记录-查询GWAS-基因型计算结果 未登录，失败,,0,,,1,10,,,,
32003,BB 历史记录-查询GWAS-基因型计算结果 成功,,1,,,1,10,,,,
32004,BB 历史记录-查询GWAS-基因型计算结果  未登录，失败,,0,,,1,10,,,,
33001,HK 历史记录-查询GWAS-显性计算结果 成功,,1,,,1,10,,,,
33002,HK 历史记录-查询GWAS-显性计算结果 未登录，失败,,0,,,1,10,,,,
33003,BB 历史记录-查询GWAS-显性计算结果 成功,,1,,,1,10,,,,
33004,BB 历史记录-查询GWAS-显性计算结果  未登录，失败,,0,,,1,10,,,,
34001,HK 历史记录-查询GWAS-隐性计算结果 成功,,1,,,1,10,,,,
34002,HK 历史记录-查询GWAS-隐性计算结果 未登录，失败,,0,,,1,10,,,,
34003,BB 历史记录-查询GWAS-隐性计算结果 成功,,1,,,1,10,,,,
34004,BB 历史记录-查询GWAS-隐性计算结果  未登录，失败,,0,,,1,10,,,,
35001,HK 历史记录-查询错误结果 成功,,1,,,,,,,,
35002,HK 历史记录-查询错误结果 未登录，失败,,0,,,,,,,,
35003,BB 历史记录-查询错误结果 成功,,1,,,,,,,,
35004,BB 历史记录-查询错误结果  未登录，失败,,0,,,,,,,,
38001,HK 协同计算-批量下载Excel 简体 成功,,1,,1,zh_CN,,,,,
38002,HK 协同计算-批量下载Excel 繁体 成功,,1,,2,zh_HK,,,,,
38003,HK 协同计算-批量下载Excel 英文 成功,,1,,3,en_US,,,,,
38004,HK 协同计算-批量下载Excel 未登录 失败,,0,,4,zh_CN,,,,,
38005,BB 协同计算-批量下载Excel 简体 成功,,1,,1,zh_CN,,,,,
38006,BB 协同计算-批量下载Excel 繁体 成功,,1,,2,zh_HK,,,,,
38007,BB 协同计算-批量下载Excel 英文 成功,,1,,3,en_US,,,,,
38008,BB 协同计算-批量下载Excel 未登录 失败,,0,,4,zh_CN,,,,,
39001,HK 协同计算详情下载excel 简体 成功,,1,,随机,zh_CN,,,,,
39002,HK 协同计算详情下载excel 繁体 成功,,1,,随机,zh_HK,,,,,
39003,HK 协同计算详情下载excel 英文 成功,,1,,随机,en_US,,,,,
39004,HK 协同计算详情下载excel 未登录 失败,,0,,随机,zh_CN,,,,,
39005,BB 协同计算详情下载excel 简体 成功,,1,,随机,zh_CN,,,,,
39006,BB 协同计算详情下载excel 繁体 成功,,1,,随机,zh_HK,,,,,
39007,BB 协同计算详情下载excel 英文 成功,,1,,随机,en_US,,,,,
39008,BB 协同计算详情下载excel 未登录 失败,,0,,随机,zh_CN,,,,,
40001,HK 历史记录―（批量）下载excel 简体 成功,,1,,1,zh_CN,,,,,
40002,HK 历史记录―（批量）下载excel 繁体 成功,,1,,2,zh_HK,,,,,
40003,HK 历史记录―（批量）下载excel 英文 成功,,1,,3,en_US,,,,,
40004,HK 历史记录―（批量）下载excel 未登录 失败,,0,,4,zh_CN,,,,,
40005,BB 历史记录―（批量）下载excel 简体 成功,,1,,1,zh_CN,,,,,
40006,BB 历史记录―（批量）下载excel 繁体 成功,,1,,2,zh_HK,,,,,
40007,BB 历史记录―（批量）下载excel 英文 成功,,1,,3,en_US,,,,,
40008,BB 历史记录―（批量）下载excel 未登录 失败,,0,,4,zh_CN,,,,,
41001,HK 历史记录―下载文件 成功,,1,,随机,,,,,,
41002,HK 历史记录―下载文件 未登录，失败,,0,,随机,,,,,,
41003,BB 历史记录―下载文件 成功,,1,,随机,,,,,,
41004,BB 历史记录―下载文件 未登录，失败,,0,,随机,,,,,,
42001,HK 逻辑管理-下载电路文件 成功,,1,,随机,,,,,,
42002,HK 逻辑管理-下载电路文件 未登录，失败,,0,,随机,,,,,,
42003,HK 历史记录―下载文件 成功,,1,,随机,,,,,,
42004,HK 历史记录―下载文件 成功,,0,,随机,,,,,,
43001,HK admin下载log 成功,,1,,admin,,,,,,
43002,"HK 下载log,未登录，失败",,0,,admin,,,,,,
43003,HK 普通用户下载log失败,,0,,Automation,,,,,,
43004,BB admin下载log 成功,,1,,admin,,,,,,
43005,"BB 下载log,未登录，失败",,0,,admin,,,,,,
43006,BB 普通用户下载log失败,,0,,Automation,,,,,,
127,/nemo/calculate/getServer,,0,,,,,,,,
128,/nemo/calculate/computeGenTask,,0,,taskId,,,,,,
129,/nemo/calculate/computeGwasTask,,0,,taskId,,,,,,
130,/nemo/calculate/queryUpdateFlag,,0,,,,,,,,
131,/nemo/calculate/computeMul,,0,,taskId,,,,,,
132,/nemo/history/getList,,0,,calType,,,,,,
133,/nemo/calculate/getDetail,,0,,taskId,,,,,,
134,/nemo/history/getVcfCalResult,,0,,taskId,,,,,,
135,/nemo/history/getGenCalResult,,0,,taskId,,,,,,
136,/nemo/history/getMafCalResult,,0,,taskId,,,,,,
137,/nemo/history/getChiCalResult,,0,,taskId,,,,,,
138,/nemo/history/getErrorResult,,0,,taskId,,,,,,
139,/nemo/ history /queryUpdateFlag,,0,,,,,,,,
140,/nemo/logic/getList,,0,,,,,,,,
